word	links	searches	score
-an	1	0	1
-ee	1	0	1
-en	1	0	1
-esque	1	0	1
-free	1	0	1
-graphy	1	0	1
-hood	1	0	1
-ian	1	0	1
-ics	1	0	1
-ing	1	0	1
-ism	1	0	1
-let	1	0	1
-like	1	0	1
-ment	1	0	1
-ologist	1	0	1
Antarctica	1	0	1
Athena	1	0	1
Bach	1	0	1
EU	1	0	1
I	1	0	1
Isfahan	1	0	1
acetone	1	0	1
achiral	1	0	1
adaptation	1	0	1
admitted	1	0	1
afghanistan	1	0	1
aggressiveness	1	0	1
agreeing	1	0	1
aldehyde	1	0	1
allocated	1	0	1
amateur	1	0	1
angrily	1	0	1
announced	1	0	1
appeasement	1	0	1
archbishop	1	0	1
armageddon	1	0	1
astounding	1	0	1
astrophysicist	1	0	1
avoidably	1	0	1
bacterial	1	0	1
baptize	1	0	1
barbecued	1	0	1
beckon	1	0	1
befilledwith	1	0	1
beknownas	1	0	1
bengal	1	0	1
bigger	1	0	1
biofuel	1	0	1
blackcurrant	1	0	1
blandly	1	0	1
blindfold	1	0	1
bloodline	1	0	1
bratwurst	1	0	1
breadcrumbs	1	0	1
breast-feeding	1	0	1
brilliantly	1	0	1
broiled	1	0	1
béchamel	1	0	1
calcutta	1	0	1
captured	1	0	1
carbonate	1	0	1
catalyze	1	0	1
celibate	1	0	1
celsius	1	0	1
celt	1	0	1
chaplin	1	0	1
checkers	1	0	1
cheesy	1	0	1
christening	1	0	1
chroma	1	0	1
chymosin	1	0	1
closer	1	0	1
cobalt	1	0	1
cold-hearted	1	0	1
colorado	1	0	1
commencement	1	0	1
comprise	1	0	1
concave	1	0	1
conduit	1	0	1
conflagration	1	0	1
confucianism	1	0	1
conjure	1	0	1
connecting	1	0	1
consenting	1	0	1
constipated	1	0	1
contractor	1	0	1
contrivance	1	0	1
convicted	1	0	1
cool-headed	1	0	1
coquette	1	0	1
corolla	1	0	1
corresponding	1	0	1
cortisol	1	0	1
coughing	1	0	1
counter-	1	0	1
crete	1	0	1
cruiser	1	0	1
crystalline	1	0	1
curling	1	0	1
cybercrime	1	0	1
cybersecurity	1	0	1
dagger	1	0	1
dangerously	1	0	1
dashi	1	0	1
davy	1	0	1
de-	1	0	1
debunk	1	0	1
deceived	1	0	1
deceleration	1	0	1
declined	1	0	1
deep-rooted	1	0	1
deferential	1	0	1
deformed	1	0	1
degas	1	0	1
deism	1	0	1
dermal	1	0	1
diatonic	1	0	1
disagreeably	1	0	1
discouraging	1	0	1
disinformation	1	0	1
dismissive	1	0	1
dissolving	1	0	1
divergent	1	0	1
doomed	1	0	1
doorman	1	0	1
doping	1	0	1
drapes	1	0	1
drooping	1	0	1
eden	1	0	1
egalitarianism	1	0	1
eggs	1	0	1
eid	1	0	1
electrolysis	1	0	1
emerged	1	0	1
ensured	1	0	1
entrepôt	1	0	1
expanding	1	0	1
exterminator	1	0	1
fahrenheit	1	0	1
featherbrain	1	0	1
fewer	1	0	1
ficus	1	0	1
flaking	1	0	1
flames	1	0	1
flemish	1	0	1
flint	1	0	1
folding	1	0	1
formulation	1	0	1
gasping	1	0	1
goby	1	0	1
grabbed	1	0	1
grump	1	0	1
hack	1	0	1
hacking	1	0	1
had	1	0	1
haddock	1	0	1
halal	1	0	1
harebrained	1	0	1
has	1	0	1
haunted	1	0	1
hearty	1	0	1
heckling	1	0	1
helpline	1	0	1
hepta-	1	0	1
herder	1	0	1
hiragana	1	0	1
hooked	1	0	1
horrified	1	0	1
illinois	1	0	1
imported	1	0	1
impressionism	1	0	1
incandescence	1	0	1
incorporation	1	0	1
increasingly	1	0	1
indecently	1	0	1
inequal	1	0	1
infernal	1	0	1
inferred	1	0	1
initially	1	0	1
inoffensive	1	0	1
inquest	1	0	1
insistent	1	0	1
interceptor	1	0	1
intrusively	1	0	1
ironed	1	0	1
jacobins	1	0	1
javascript	1	0	1
junk mail	1	0	1
junkman	1	0	1
katakana	1	0	1
kind-hearted	1	0	1
krone	1	0	1
largest	1	0	1
laughing	1	0	1
leaf through	1	0	1
luminescent	1	0	1
luxor	1	0	1
madonna	1	0	1
malformation	1	0	1
maneuvering	1	0	1
marvelously	1	0	1
mastery	1	0	1
megabit	1	0	1
megahertz	1	0	1
menorah	1	0	1
meson	1	0	1
messi	1	0	1
misconceive	1	0	1
misinformation	1	0	1
misleadingly	1	0	1
mm-mm	1	0	1
modestly	1	0	1
monet	1	0	1
mongol	1	0	1
mononucleosis	1	0	1
mountaineer	1	0	1
nastily	1	0	1
nominated	1	0	1
off-putting	1	0	1
offensively	1	0	1
on-time	1	0	1
one-piece	1	0	1
overburdened	1	0	1
pacifier	1	0	1
pallet	1	0	1
passed	1	0	1
patronizingly	1	0	1
paused	1	0	1
perilous	1	0	1
pessimistically	1	0	1
phoned	1	0	1
physiotherapy	1	0	1
pigmentation	1	0	1
ploughman	1	0	1
polio	1	0	1
positioning	1	0	1
potage	1	0	1
prestigious	1	0	1
priorities	1	0	1
pro-	1	0	1
progesterone	1	0	1
provincialism	1	0	1
pyramidal	1	0	1
quark	1	0	1
ra	1	0	1
re-	1	0	1
recommit	1	0	1
recontaminate	1	0	1
reconvert	1	0	1
rededicate	1	0	1
redeliver	1	0	1
reducing	1	0	1
rehire	1	0	1
rehydration	1	0	1
repaving	1	0	1
rephrasing	1	0	1
rootlet	1	0	1
rwandan	1	0	1
safeguard	1	0	1
sauerkraut	1	0	1
scatterbrain	1	0	1
scotswoman	1	0	1
seepage	1	0	1
self-	1	0	1
shedding	1	0	1
skydiving	1	0	1
slang-abi	1	0	1
slang-arc	1	0	1
slang-arvo	1	0	1
slang-bloomer	1	0	1
slang-bogan	1	0	1
slang-boydem	1	0	1
slang-clanker	1	0	1
slang-deadset	1	0	1
slang-esky	1	0	1
slang-fairdinkum	1	0	1
slang-gatekeep	1	0	1
slang-grass	1	0	1
slang-gwan	1	0	1
slang-hammered	1	0	1
slang-heaps	1	0	1
slang-hopium	1	0	1
slang-loaded	1	0	1
slang-nutter	1	0	1
slang-plastered	1	0	1
slang-ripper	1	0	1
slang-sanga	1	0	1
slang-servo	1	0	1
slang-settee	1	0	1
slang-skive	1	0	1
slang-snag	1	0	1
slang-sorted	1	0	1
slang-stacks	1	0	1
slang-strewth	1	0	1
slang-stubby	1	0	1
slang-sunnies	1	0	1
slang-thongs	1	0	1
slang-tipsy	1	0	1
slang-tradie	1	0	1
slang-ute	1	0	1
slang-vent	1	0	1
slang-whatever	1	0	1
slang-yeahnah	1	0	1
sloop	1	0	1
smaller	1	0	1
smashed	1	0	1
spacing	1	0	1
spheroidal	1	0	1
spirited	1	0	1
spoilsport	1	0	1
spotlight	1	0	1
stereo	1	0	1
stoicism	1	0	1
straightening	1	0	1
striker	1	0	1
stylesheet	1	0	1
subgrade	1	0	1
summoned	1	0	1
surreptitiously	1	0	1
sweets	1	0	1
swinging	1	0	1
telling	1	0	1
thanklessness	1	0	1
thingy	1	0	1
top-selling	1	0	1
transported	1	0	1
transshipment	1	0	1
trend-chillguy	1	0	1
troubling	1	0	1
unconfirmed	1	0	1
unknowingly	1	0	1
unstructured	1	0	1
uxor	1	0	1
variety show	1	0	1
vice-chairman	1	0	1
walkthrough	1	0	1
warsaw	1	0	1
weeping	1	0	1
wellbeing	1	0	1
wi-fi	1	0	1
widening	1	0	1
wired	1	0	1
workflow	1	0	1
